<?xml version="1.0" encoding="UTF-8" standalone="no"?>
<manifest xmlns="http://tizen.org/ns/packages" api-version="2.4" package="org.example.basicui1" version="1.0.0">
    <profile name="mobile"/>
    <ui-application appid="org.example.basicui1" exec="basicui1" launch_mode="single" multiple="false" nodisplay="false" taskmanage="true" type="capp">
        <label>basicui1</label>
        <icon>basicui1.png</icon>
    </ui-application>
    <privileges>
        <privilege>http://tizen.org/privilege/network.get</privilege>
        <privilege>http://tizen.org/privilege/network.set</privilege>
        <privilege>http://tizen.org/privilege/internet</privilege>
        <privilege>http://tizen.org/privilege/network.profile</privilege>
    </privileges>
</manifest>
